Timestamp,Email Address,Name,Address: where will you be coming from?,What is the earliest you can leave?,Do you +ACo-need+ACo- to arrive by 7:30?,How many seats are there in your car?
4/8/2017 1:25:51,zsiegel92+AEA-gmail.com,DESTINATION+AF8-Mickey,+ACI-435 South Westmoreland Avenue, LA, CA 90020+ACI-,07:30:00 PM,,4
4/8/2017 1:25:51,zsiegel92+AEA-gmail.com,Josh,+ACI-122 N New Hampshire Ave, LA, CA 90004+ACI-,07:00:00 PM,No,4
4/8/2017 1:25:52,zsiegel92+AEA-gmail.com,Benjie,+ACI-3252 Livonia Ave, LA, CA 90034+ACI-,06:30:00 PM,No,2
4/8/2017 1:25:53,zsiegel92+AEA-gmail.com,Ruphus,+ACI-1002 Elden Avenue, Los Angeles, CA 90006+ACI-,06:30:00 PM,No,0
4/8/2017 1:25:54,zsiegel92+AEA-gmail.com,Richard,+ACI-3250 Hughes Ave
Los Angeles, CA 90034+ACI-,07:00:00 PM,No,0
4/8/2017 1:25:55,zsiegel92+AEA-gmail.com,Donelle,+ACI-4100 Sepulveda Blvd, Culver City, CA 90230+ACI-,06:30:00 PM,No,0
4/8/2017 1:25:56,zsiegel92+AEA-gmail.com,Maxine,+ACI-4100 Sepulveda Blvd, Culver City, CA 90230+ACI-,06:30:00 PM,No,0
4/8/2017 1:25:57,zsiegel92+AEA-gmail.com,Elizabeth,+ACI-6000 N Figueroa St, Los Angeles, CA 90042+ACI-,06:30:00 PM,No,4
4/8/2017 1:25:58,zsiegel92+AEA-gmail.com,Jonathan,+ACI-4200 W 27th St, Los Angeles, CA 90018+AC0-2309+ACI-,06:30:00 PM,No,4
4/8/2017 1:25:59,zsiegel92+AEA-gmail.com,Jonathan K.,+ACI-4200 W 27th St, Los Angeles, CA 90018+AC0-2309+ACI-,06:30:00 PM,No,0
4/8/2017 1:25:60,zsiegel92+AEA-gmail.com,Erin,+ACI-1950 7th St, Santa Monica, CA 90401+ACI-,06:30:00 PM,No,0
4/8/2017 1:25:61,zsiegel92+AEA-gmail.com,Valerie,+ACI-3530 Ocean Front Walk, Santa Monica, CA 90401+ACI-,06:30:00 PM,No,4
4/8/2017 1:25:62,zsiegel92+AEA-gmail.com,Eliza,+ACI-3200 S Sepulveda Blvd
Los Angeles, CA 90034+ACI-,06:30:00 PM,No,0
4/8/2017 1:25:63,zsiegel92+AEA-gmail.com,Maricella,+ACI-8450 W 3rd St, Los Angeles, CA 90048+ACI-,06:30:00 PM,No,4
4/8/2017 1:25:63,zsiegel92+AEA-gmail.com,Danielle,+ACI-4215 Lockwood Ave
Los Angeles, CA 90029+ACI-,07:00:00 PM,No,4
4/8/2017 1:25:63,zsiegel92+AEA-gmail.com,Daniel,+ACI-4125 Burns Ave
Los Angeles, CA 90029+ACI-,07:00:00 PM,No,4
4/8/2017 1:25:63,zsiegel92+AEA-gmail.com,Denzel,+ACI-295 Faust Ave, Long Beach, CA 90815+ACI-,07:00:00 PM,No,0
4/8/2017 1:25:63,zsiegel92+AEA-gmail.com,Dora,+ACI-1350 S Bedford St, LA, CA 90035+ACI-,06:30:00 PM,No,4
4/8/2017 1:25:62,zsiegel92+AEA-gmail.com,Tiffany,+ACI-1550 W 54th St, LA, CA+ACI-,06:30:00 PM,No,0
4/8/2017 1:25:63,zsiegel92+AEA-gmail.com,Rodrigo,+ACI-575 E 7th St, LA, CA+ACI-,06:30:00 PM,No,0
4/8/2017 1:25:63,zsiegel92+AEA-gmail.com,Gareth,+ACI-145 E Avenue 42, LA, CA 90031+ACI-,06:30:00 PM,No,0
4/8/2017 1:25:63,zsiegel92+AEA-gmail.com,Garth,+ACI-490 S Alexandria Ave, Los Angeles, CA 90020+ACI-,07:00:00 PM,No,4
4/8/2017 1:25:63,zsiegel92+AEA-gmail.com,Elijah,+ACI-490 S Alexandria Ave, Los Angeles, CA 90020+ACI-,07:00:00 PM,No,0
4/8/2017 1:25:63,zsiegel92+AEA-gmail.com,Tandiszwe,+ACI-4250 Radium Drive, Los Angeles, CA+ACI-,06:30:00 PM,No,4
4/8/2017 1:25:62,zsiegel92+AEA-gmail.com,Jamie,+ACI-715 Santiago Ave, Long Beach, CA+ACI-,06:30:00 PM,No,4
4/8/2017 1:25:63,zsiegel92+AEA-gmail.com,Jaime,+ACI-2800 California Ave, Signal Hill, CA 90755+ACI-,06:30:00 PM,No,4
4/8/2017 1:25:63,zsiegel92+AEA-gmail.com,Hamed,+ACI-2750 Alta St, Los Angeles, CA 90031+ACI-,07:00:00 PM,No,4
4/8/2017 1:25:63,zsiegel92+AEA-gmail.com,Asef,+ACI-3190 Glendale Blvd, Los Angeles, CA 90039+ACI-,06:30:00 PM,No,0
4/8/2017 1:25:63,zsiegel92+AEA-gmail.com,Charlie,+ACI-3190 Glendale Blvd, Los Angeles, CA 90039+ACI-,06:30:00 PM,No,4
4/8/2017 1:25:63,zsiegel92+AEA-gmail.com,Vanessa,+ACI-9010 Darby Ave, Northridge, CA 91325+ACI-,06:30:00 PM,No,4
4/8/2017 1:25:62,zsiegel92+AEA-gmail.com,Eliana M,+ACI-9825 Eton Ave, Chatsworth, CA 91311+ACI-,06:30:00 PM,No,4
4/8/2017 1:25:63,zsiegel92+AEA-gmail.com,Christine,+ACI-515 Georgina Ave, Santa Monica, CA 90402+ACI-,06:30:00 PM,No,0
4/8/2017 1:25:63,zsiegel92+AEA-gmail.com,Henry,+ACI-1259 N June St, Los Angeles, CA 90038+ACI-,06:30:00 PM,No,4
4/8/2017 1:25:63,zsiegel92+AEA-gmail.com,Barbara,+ACI-1895 N College Pl, Long Beach, CA+ACI-,06:30:00 PM,No,4
4/8/2017 1:25:63,zsiegel92+AEA-gmail.com,Devon,+ACI-2240 Faust Ave, Long Beach, CA 90815+ACI-,06:30:00 PM,No,4
4/8/2017 1:25:63,zsiegel92+AEA-gmail.com,Dara,+ACI-136 S Euclid Ave, Pasadena, CA 91101+ACI-,06:30:00 PM,No,4
